{
  "failures": [],
  "performance": {
    "lines": 12288,
    "size_kb": 206.8427734375,
    "elapsed_s": 0.8590000000003783,
    "findings": 572
  }
}